chemical_id,pharmgkb_id,rs_id
PA10026,PA166134895,rs324420
PA10026,PA166136425,rs489693
PA10026,PA166152807,rs1800497
PA10026,PA166159197,rs4305746
PA10074,PA166134387,rs11188072
PA10074,PA166134689,rs352428
PA10074,PA166135171,rs3892097
PA10074,PA166135664,rs1126757
PA10074,PA166135852,rs4986893
PA10074,PA166136114,rs1065852
PA10074,PA166136283,rs12054895
PA10204,PA166134237,rs1751034
PA10204,PA166134462,rs2273697
PA10204,PA166134526,rs717620
PA10204,PA166153034,rs717620
PA10235,PA166134135,rs1934951
PA10251,PA166135478,rs887829
PA10251,PA166153034,rs717620
PA10810,PA166135681,rs1801133
PA10810,PA166135682,rs1650697
PA10810,PA166136176,rs61734430
PA128406956,PA166134349,rs1042522
PA128406956,PA166134372,rs1799983
PA128406956,PA166134411,rs1695
PA128406956,PA166134421,rs3918290
PA128406956,PA166134467,rs2297595
PA128406956,PA166134488,rs1801158
PA128406956,PA166134489,rs1801159
PA128406956,PA166134491,rs1801265
PA128406956,PA166134523,rs67376798
PA128406956,PA166134571,rs1801133
PA128406956,PA166134759,rs9344
PA128406956,PA166134950,rs1800566
PA128406956,PA166135421,rs115232898
PA128406956,PA166135587,rs11479
PA128406956,PA166135904,rs1801160
PA128406956,PA166135917,rs1799983
PA128406956,PA166136187,rs2289310
PA128406956,PA166136413,rs4646
PA128406956,PA166152885,rs2960436
PA128406956,PA166153407,rs1801266
PA128406956,PA166153409,rs1801268
PA131285527,PA166134081,rs1695
PA131285527,PA166134348,rs13181
PA131285527,PA166134721,rs1128503
PA131285527,PA166135917,rs1799983
PA133822447,PA166152687,rs1801253
PA134308647,PA166134622,rs4149056
PA134308647,PA166134933,rs2231142
PA134308647,PA166134942,rs4149081
PA134308647,PA166134961,rs776746
PA134308647,PA166136299,rs1736557
PA134308647,PA166159236,rs2808630
PA142650384,PA166134883,rs2306283
PA151186253,PA166134385,rs1800497
PA152432599,PA166135610,rs2266782
PA152432599,PA166135611,rs2266780
PA161199368,PA166134178,rs4933824
PA161199368,PA166134179,rs7142881
PA161199368,PA166134180,rs4799915
PA161199368,PA166134181,rs993648
PA161199368,PA166135089,rs1065852
PA162565877,PA166136425,rs489693
PA162565877,PA166163523,rs7968606
PA164712462,PA166134604,rs1057910
PA164712462,PA166135398,rs10757274
PA164712462,PA166135604,rs1799971
PA164712462,PA166135606,rs6265
PA164712462,PA166135609,rs4680
PA164712462,PA166153482,rs2965667
PA164712462,PA166158752,rs16973225
PA164712563,PA166134135,rs1934951
PA164712563,PA166135279,rs7588295
PA164712563,PA166135394,rs11189381
PA164712689,PA166153196,rs7754840
PA164712689,PA166153197,rs7756992
PA164712789,PA166136023,rs1295686
PA164713217,PA166136476,rs1805034
PA164713366,PA166134064,rs2814707
PA164713366,PA166134067,rs6138150
PA164713366,PA166134068,rs7046653
PA164713366,PA166134069,rs854555
PA164713366,PA166134072,rs6028945
PA164713366,PA166134074,rs983332
PA164713366,PA166134075,rs774359
PA164713366,PA166134163,rs1800629
PA164713366,PA166134682,rs3794271
PA164713366,PA166135715,rs1816702
PA164713366,PA166135723,rs4149570
PA164713366,PA166135759,rs3761847
PA164713366,PA166136296,rs1799964
PA164713366,PA166158976,rs13393173
PA164713366,PA166158981,rs10945919
PA164713366,PA166161169,rs11209026
PA164713366,PA166161170,rs3087243
PA164713366,PA166161172,rs10782001
PA164713366,PA166161864,rs2546890
PA164713366,PA166161865,rs6908425
PA164713366,PA166161866,rs12191877
PA164713366,PA166161867,rs9304742
PA164744326,PA166135025,rs2952768
PA164744571,PA166136207,rs13266634
PA164748726,PA166135831,rs4680
PA164748728,PA166134847,rs2273697
PA164748728,PA166153465,rs2306283
PA164748728,PA166158992,rs3740066
PA164749136,PA166135458,rs118192172
PA164749136,PA166135459,rs118192161
PA164749136,PA166135463,rs118192167
PA164749136,PA166135464,rs118192170
PA164749136,PA166135465,rs118192175
PA164749136,PA166135466,rs118192176
PA164749136,PA166135468,rs121918593
PA164749136,PA166135469,rs28933397
PA164749136,PA166135470,rs121918595
PA164749136,PA166135471,rs121918594
PA164749136,PA166135875,rs118192124
PA164749136,PA166135879,rs193922747
PA164749136,PA166135881,rs63749869
PA164749136,PA166135970,rs111888148
PA164749136,PA166135975,rs193922807
PA164749136,PA166136351,rs193922876
PA164749136,PA166136353,rs193922803
PA164749136,PA166136354,rs118192122
PA164749136,PA166136356,rs193922802
PA164749136,PA166136357,rs193922816
PA164749136,PA166136362,rs112563513
PA164749136,PA166136365,rs1800559
PA164749136,PA166136486,rs118192116
PA164749390,PA166160743,rs4273729
PA164754992,PA166135895,rs2306283
PA164754992,PA166136371,rs1128503
PA164774763,PA166135692,rs10306114
PA164784021,PA166152861,rs1041983
PA164784021,PA166152862,rs1799930
PA164784021,PA166152863,rs1799931
PA164784024,PA166136025,rs3077
PA164784024,PA166160743,rs4273729
PA165110351,PA166134943,rs2244613
PA165110351,PA166159027,rs8192935
PA165110775,PA166134780,rs4148323
PA165110775,PA166134817,rs4149056
PA165292659,PA166159495,rs4910008
PA165374673,PA166158965,rs61361928
PA165374673,PA166158967,rs56324128
PA165374673,PA166158968,rs62471956
PA165374673,PA166158969,rs4149056
PA165945764,PA166134419,rs1801253
PA166114414,PA166135893,rs13253389
PA166114414,PA166163183,rs2942857
PA166152838,PA166153041,rs1695
PA448015,PA166135015,rs8330
PA448015,PA166135088,rs10929303
PA448015,PA166135095,rs1042640
PA448015,PA166136476,rs1805034
PA448068,PA166134760,rs11252394
PA448068,PA166134761,rs6988229
PA448068,PA166135298,rs1423515
PA448068,PA166152760,rs518350
PA448068,PA166152771,rs881152
PA448084,PA166134718,rs1799971
PA448320,PA166135582,rs3130501
PA448320,PA166135583,rs3130931
PA448320,PA166135584,rs3815087
PA448320,PA166135585,rs9469003
PA448320,PA166136045,rs2844665
PA448320,PA166136046,rs3094188
PA448320,PA166153014,rs2231142
PA448383,PA166159159,rs1805128
PA448385,PA166135145,rs3892097
PA448388,PA166135107,rs776746
PA448432,PA166136413,rs4646
PA448492,PA166136430,rs6021191
PA448492,PA166152820,rs7142143
PA448497,PA166134735,rs5918
PA448497,PA166134789,rs16851030
PA448497,PA166134790,rs1613662
PA448497,PA166134791,rs11587213
PA448497,PA166134795,rs2768759
PA448497,PA166134808,rs5985
PA448497,PA166134810,rs6065
PA448497,PA166134811,rs10306114
PA448497,PA166135687,rs3818822
PA448497,PA166135689,rs3130100
PA448497,PA166135771,rs1800469
PA448497,PA166136190,rs3097671
PA448497,PA166136192,rs1042151
PA448497,PA166136193,rs3129294
PA448497,PA166136195,rs7862221
PA448497,PA166136263,rs2071888
PA448497,PA166136275,rs1126510
PA448497,PA166136308,rs3775291
PA448497,PA166136309,rs5050
PA448497,PA166136476,rs1805034
PA448497,PA166153482,rs2965667
PA448497,PA166158752,rs16973225
PA448499,PA166134419,rs1801253
PA448499,PA166134812,rs5051
PA448499,PA166135023,rs5370
PA448499,PA166135059,rs1800545
PA448499,PA166135596,rs2144300
PA448499,PA166135598,rs3213619
PA448499,PA166152780,rs340874
PA448499,PA166163225,rs2669429
PA448500,PA166134139,rs17238540
PA448500,PA166134621,rs4149056
PA448500,PA166134884,rs2306283
PA448500,PA166134900,rs4149056
PA448500,PA166134935,rs2231142
PA448500,PA166134958,rs776746
PA448500,PA166134987,rs1800629
PA448500,PA166134991,rs662799
PA448500,PA166134997,rs7412
PA448500,PA166136517,rs17671591
PA448500,PA166153193,rs2819742
PA448515,PA166134902,rs55754655
PA448515,PA166135613,rs2647087
PA448561,PA166135064,rs1799998
PA448561,PA166135111,rs1801133
PA448561,PA166136158,rs5051
PA448641,PA166158988,rs2514036
PA448685,PA166135025,rs2952768
PA448687,PA166134272,rs1800497
PA448687,PA166135035,rs2742417
PA448687,PA166136423,rs2279343
PA448691,PA166136235,rs1799853
PA448710,PA166134266,rs762551
PA448765,PA166135063,rs1799998
PA448765,PA166135836,rs3758785
PA448771,PA166134421,rs3918290
PA448771,PA166134467,rs2297595
PA448771,PA166134470,rs3215400
PA448771,PA166134488,rs1801158
PA448771,PA166134489,rs1801159
PA448771,PA166134523,rs67376798
PA448771,PA166134571,rs1801133
PA448771,PA166135356,rs602950
PA448771,PA166135479,rs9936750
PA448771,PA166135587,rs11479
PA448771,PA166135904,rs1801160
PA448771,PA166136138,rs2612091
PA448771,PA166136187,rs2289310
PA448771,PA166136323,rs4702484
PA448771,PA166152892,rs1128503
PA448771,PA166163250,rs2244613
PA448771,PA166163252,rs7187684
PA448771,PA166163764,rs2072671
PA448771,PA166163770,rs4149178
PA448785,PA166134038,rs2227956
PA448785,PA166134292,rs2273697
PA448785,PA166134293,rs1800629
PA448785,PA166134607,rs1051740
PA448785,PA166135061,rs17183814
PA448785,PA166135834,rs3740066
PA448785,PA166135905,rs776746
PA448785,PA166136084,rs2273697
PA448785,PA166153101,rs762551
PA448785,PA166153190,rs1128503
PA448803,PA166134577,rs1801133
PA448803,PA166135121,rs3740556
PA448803,PA166135233,rs1130214
PA448803,PA166159178,rs2498804
PA448817,PA166134419,rs1801253
PA448817,PA166135371,rs4148323
PA448871,PA166134443,rs1057910
PA448871,PA166134579,rs1799853
PA448871,PA166134604,rs1057910
PA448897,PA166134617,rs4149056
PA448897,PA166134632,rs2819742
PA449014,PA166134080,rs316019
PA449014,PA166134342,rs1142345
PA449014,PA166134345,rs1800460
PA449014,PA166134347,rs2228001
PA449014,PA166134348,rs13181
PA449014,PA166134349,rs1042522
PA449014,PA166134575,rs1801133
PA449014,PA166135121,rs3740556
PA449014,PA166135233,rs1130214
PA449014,PA166135734,rs316019
PA449014,PA166136396,rs1138272
PA449014,PA166153179,rs1695
PA449014,PA166159178,rs2498804
PA449015,PA166134689,rs352428
PA449015,PA166134781,rs6265
PA449015,PA166134783,rs1800532
PA449015,PA166135069,rs17135437
PA449015,PA166135070,rs16965962
PA449015,PA166135171,rs3892097
PA449015,PA166135659,rs7103411
PA449015,PA166136283,rs12054895
PA449048,PA166135145,rs3892097
PA449053,PA166134486,rs4986893
PA449053,PA166134646,rs28399504
PA449053,PA166134659,rs762551
PA449053,PA166134662,rs71647871
PA449053,PA166134736,rs5918
PA449053,PA166134741,rs1057910
PA449053,PA166134749,rs6785930
PA449053,PA166134754,rs1799853
PA449053,PA166135474,rs3785161
PA449061,PA166134281,rs1800497
PA449061,PA166134895,rs324420
PA449061,PA166135116,rs1062613
PA449061,PA166136390,rs4680
PA449061,PA166136425,rs489693
PA449061,PA166159631,rs2535629
PA449061,PA166163397,rs2277984
PA449072,PA166136103,rs806368
PA449072,PA166158753,rs1803274
PA449088,PA166136443,rs7439366
PA449088,PA166159002,rs1128503
PA449165,PA166134349,rs1042522
PA449165,PA166134368,rs2279343
PA449165,PA166134370,rs8192709
PA449165,PA166134372,rs1799983
PA449165,PA166134572,rs1801133
PA449165,PA166135917,rs1799983
PA449165,PA166136413,rs4646
PA449167,PA166134126,rs1128503
PA449167,PA166134376,rs776746
PA449167,PA166135369,rs28371759
PA449167,PA166135938,rs776746
PA449167,PA166136252,rs7903146
PA449177,PA166134374,rs2072671
PA449177,PA166134469,rs3215400
PA449177,PA166134518,rs602950
PA449177,PA166135907,rs1128503
PA449212,PA166136360,rs1799983
PA449233,PA166135145,rs3892097
PA449247,PA166152820,rs7142143
PA449247,PA166158959,rs6092
PA449293,PA166134604,rs1057910
PA449293,PA166136476,rs1805034
PA449319,PA166135131,rs1128503
PA449319,PA166135756,rs1799983
PA449319,PA166152688,rs1801253
PA449376,PA166134947,rs1800497
PA449376,PA166135057,rs1801133
PA449381,PA166135056,rs1801253
PA449383,PA166135018,rs7921977
PA449383,PA166135430,rs7311358
PA449383,PA166136384,rs13181
PA449383,PA166136413,rs4646
PA449383,PA166158791,rs62576288
PA449383,PA166158890,rs62576288
PA449390,PA166134949,rs10494366
PA449409,PA166135145,rs3892097
PA449412,PA166134300,rs45511401
PA449412,PA166134372,rs1799983
PA449412,PA166135917,rs1799983
PA449412,PA166136413,rs4646
PA449441,PA166134480,rs28399499
PA449441,PA166134534,rs776746
PA449441,PA166134536,rs7439366
PA449441,PA166135075,rs2231142
PA449441,PA166135240,rs2279343
PA449441,PA166135274,rs28399433
PA449441,PA166135962,rs8192709
PA449441,PA166153181,rs28365062
PA449456,PA166135758,rs1799722
PA449456,PA166136319,rs495828
PA449456,PA166136428,rs71647871
PA449456,PA166151942,rs4149056
PA449461,PA166135458,rs118192172
PA449461,PA166135459,rs118192161
PA449461,PA166135463,rs118192167
PA449461,PA166135464,rs118192170
PA449461,PA166135465,rs118192175
PA449461,PA166135466,rs118192176
PA449461,PA166135468,rs121918593
PA449461,PA166135469,rs28933397
PA449461,PA166135470,rs121918595
PA449461,PA166135471,rs121918594
PA449461,PA166135875,rs118192124
PA449461,PA166135879,rs193922747
PA449461,PA166135881,rs63749869
PA449461,PA166135970,rs111888148
PA449461,PA166135975,rs193922807
PA449461,PA166136351,rs193922876
PA449461,PA166136353,rs193922803
PA449461,PA166136354,rs118192122
PA449461,PA166136356,rs193922802
PA449461,PA166136357,rs193922816
PA449461,PA166136362,rs112563513
PA449461,PA166136365,rs1800559
PA449461,PA166136486,rs118192116
PA449476,PA166135917,rs1799983
PA449476,PA166136413,rs4646
PA449493,PA166134804,rs717620
PA449515,PA166134163,rs1800629
PA449515,PA166134682,rs3794271
PA449515,PA166135449,rs6427528
PA449515,PA166135759,rs3761847
PA449515,PA166136221,rs1801274
PA449515,PA166151930,rs1264457
PA449563,PA166136413,rs4646
PA449594,PA166134815,rs4238001
PA449594,PA166135012,rs2241883
PA449594,PA166135013,rs964184
PA449594,PA166135048,rs2230808
PA449594,PA166159034,rs676210
PA449599,PA166134718,rs1799971
PA449599,PA166135025,rs2952768
PA449599,PA166135060,rs12948783
PA449661,PA166135008,rs2305089
PA449673,PA166134783,rs1800532
PA449673,PA166135171,rs3892097
PA449673,PA166135174,rs6265
PA449688,PA166134132,rs11045819
PA449688,PA166134139,rs17238540
PA449688,PA166134874,rs60282872
PA449688,PA166134907,rs1057910
PA449688,PA166134937,rs2231142
PA449688,PA166134971,rs4783961
PA449688,PA166152788,rs4986910
PA449688,PA166152789,rs1800588
PA449690,PA166134842,rs4680
PA449690,PA166135171,rs3892097
PA449690,PA166136280,rs1160351
PA449748,PA166134048,rs9937
PA449748,PA166134356,rs60369023
PA449748,PA166134459,rs2072671
PA449748,PA166135018,rs7921977
PA449748,PA166135270,rs760370
PA449748,PA166135776,rs1901440
PA449809,PA166134949,rs10494366
PA449841,PA166134895,rs324420
PA449841,PA166136218,rs4680
PA449841,PA166136394,rs17143212
PA449841,PA166136425,rs489693
PA449845,PA166135458,rs118192172
PA449845,PA166135459,rs118192161
PA449845,PA166135463,rs118192167
PA449845,PA166135464,rs118192170
PA449845,PA166135465,rs118192175
PA449845,PA166135466,rs118192176
PA449845,PA166135468,rs121918593
PA449845,PA166135469,rs28933397
PA449845,PA166135470,rs121918595
PA449845,PA166135471,rs121918594
PA449845,PA166135875,rs118192124
PA449845,PA166135879,rs193922747
PA449845,PA166135881,rs63749869
PA449845,PA166135970,rs111888148
PA449845,PA166135975,rs193922807
PA449845,PA166136351,rs193922876
PA449845,PA166136353,rs193922803
PA449845,PA166136354,rs118192122
PA449845,PA166136356,rs193922802
PA449845,PA166136357,rs193922816
PA449845,PA166136362,rs112563513
PA449845,PA166136365,rs1800559
PA449845,PA166136486,rs118192116
PA449899,PA166134496,rs7297610
PA449899,PA166134506,rs4149601
PA449899,PA166134514,rs4961
PA449899,PA166135245,rs4149601
PA449899,PA166135393,rs11600347
PA449899,PA166135835,rs3758785
PA449899,PA166135913,rs7387065
PA449899,PA166135914,rs77876672
PA449900,PA166136120,rs1799971
PA449969,PA166135143,rs11188072
PA449969,PA166135145,rs3892097
PA449977,PA166135372,rs4148323
PA450037,PA166134442,rs9272105
PA450037,PA166152636,rs10494227
PA450039,PA166134442,rs9272105
PA450039,PA166152636,rs10494227
PA450084,PA166134263,rs1367117
PA450084,PA166135023,rs5370
PA450084,PA166153429,rs1799853
PA450084,PA166153433,rs1057910
PA450084,PA166153451,rs72558187
PA450085,PA166134473,rs4148323
PA450085,PA166134663,rs10929302
PA450085,PA166134771,rs4148323
PA450085,PA166135003,rs4149015
PA450085,PA166135004,rs3740066
PA450085,PA166135108,rs4149056
PA450085,PA166135118,rs2273697
PA450085,PA166135297,rs1517114
PA450085,PA166135355,rs2306283
PA450085,PA166135376,rs4124874
PA450085,PA166136217,rs2070959
PA450085,PA166161128,rs1800469
PA450085,PA166161285,rs2306283
PA450106,PA166135458,rs118192172
PA450106,PA166135459,rs118192161
PA450106,PA166135463,rs118192167
PA450106,PA166135464,rs118192170
PA450106,PA166135465,rs118192175
PA450106,PA166135466,rs118192176
PA450106,PA166135468,rs121918593
PA450106,PA166135469,rs28933397
PA450106,PA166135470,rs121918595
PA450106,PA166135471,rs121918594
PA450106,PA166135875,rs118192124
PA450106,PA166135879,rs193922747
PA450106,PA166135881,rs63749869
PA450106,PA166135970,rs111888148
PA450106,PA166135975,rs193922807
PA450106,PA166136351,rs193922876
PA450106,PA166136353,rs193922803
PA450106,PA166136354,rs118192122
PA450106,PA166136356,rs193922802
PA450106,PA166136357,rs193922816
PA450106,PA166136362,rs112563513
PA450106,PA166136365,rs1800559
PA450106,PA166136486,rs118192116
PA450112,PA166136286,rs1495741
PA450112,PA166152861,rs1041983
PA450112,PA166152862,rs1799930
PA450112,PA166152863,rs1799931
PA450164,PA166135314,rs7668258
PA450164,PA166158984,rs2231142
PA450164,PA166158985,rs3114020
PA450164,PA166160513,rs628031
PA450192,PA166134184,rs762551
PA450196,PA166134186,rs4646
PA450196,PA166135982,rs4646
PA450196,PA166135983,rs10046
PA450196,PA166135992,rs700518
PA450196,PA166136413,rs4646
PA450243,PA166134683,rs4532
PA450243,PA166134715,rs1800532
PA450264,PA166135826,rs4149056
PA450264,PA166153034,rs717620
PA450267,PA166134390,rs1902023
PA450268,PA166134605,rs1057910
PA450268,PA166135445,rs6749447
PA450268,PA166158989,rs3814995
PA450272,PA166134139,rs17238540
PA450272,PA166134959,rs776746
PA450272,PA166134991,rs662799
PA450369,PA166135025,rs2952768
PA450373,PA166134386,rs11188072
PA450373,PA166153066,rs28399504
PA450379,PA166134574,rs1801133
PA450379,PA166135613,rs2647087
PA450379,PA166136397,rs1142345
PA450395,PA166134585,rs11212617
PA450395,PA166135304,rs12943590
PA450395,PA166135305,rs12943590
PA450395,PA166135365,rs2282143
PA450395,PA166135366,rs316019
PA450395,PA166136115,rs628031
PA450395,PA166136123,rs72552763
PA450401,PA166134701,rs2289658
PA450401,PA166134704,rs2378676
PA450401,PA166134706,rs7118900
PA450401,PA166135413,rs2279343
PA450401,PA166151951,rs1799971
PA450401,PA166152947,rs3735451
PA450401,PA166152995,rs7662029
PA450401,PA166152996,rs7668258
PA450401,PA166152997,rs7439366
PA450401,PA166161948,rs10485058
PA450428,PA166134248,rs28364006
PA450428,PA166134256,rs1801133
PA450428,PA166134276,rs10821936
PA450428,PA166134372,rs1799983
PA450428,PA166134397,rs4149081
PA450428,PA166134398,rs11045879
PA450428,PA166134399,rs4149056
PA450428,PA166134429,rs1801133
PA450428,PA166134434,rs9344
PA450428,PA166134454,rs1801133
PA450428,PA166134504,rs1801394
PA450428,PA166134545,rs17602729
PA450428,PA166134600,rs1979277
PA450428,PA166134601,rs1979277
PA450428,PA166134602,rs1695
PA450428,PA166135359,rs2306283
PA450428,PA166135396,rs1105525
PA450428,PA166135442,rs6920220
PA450428,PA166135527,rs717620
PA450428,PA166135528,rs717620
PA450428,PA166135798,rs3740065
PA450428,PA166135917,rs1799983
PA450428,PA166136172,rs4948496
PA450428,PA166151930,rs1264457
PA450428,PA166152820,rs7142143
PA450428,PA166159012,rs10994982
PA450434,PA166135458,rs118192172
PA450434,PA166135459,rs118192161
PA450434,PA166135463,rs118192167
PA450434,PA166135464,rs118192170
PA450434,PA166135465,rs118192175
PA450434,PA166135466,rs118192176
PA450434,PA166135468,rs121918593
PA450434,PA166135469,rs28933397
PA450434,PA166135470,rs121918595
PA450434,PA166135471,rs121918594
PA450434,PA166135875,rs118192124
PA450434,PA166135879,rs193922747
PA450434,PA166135881,rs63749869
PA450434,PA166135970,rs111888148
PA450434,PA166135975,rs193922807
PA450434,PA166136351,rs193922876
PA450434,PA166136353,rs193922803
PA450434,PA166136354,rs118192122
PA450434,PA166136356,rs193922802
PA450434,PA166136357,rs193922816
PA450434,PA166136362,rs112563513
PA450434,PA166136365,rs1800559
PA450434,PA166136486,rs118192116
PA450464,PA166134495,rs71647871
PA450464,PA166135662,rs4532
PA450464,PA166152876,rs1947275
PA450480,PA166134254,rs1801253
PA450480,PA166134260,rs5030655
PA450480,PA166134261,rs3892097
PA450480,PA166134419,rs1801253
PA450530,PA166136510,rs1128503
PA450546,PA166134240,rs119774
PA450546,PA166136416,rs1364805
PA450550,PA166134242,rs1799971
PA450550,PA166134243,rs4680
PA450550,PA166134718,rs1799971
PA450550,PA166135025,rs2952768
PA450550,PA166135060,rs12948783
PA450550,PA166135896,rs9282564
PA450550,PA166163297,rs324420
PA450566,PA166134828,rs72551330
PA450566,PA166134847,rs2273697
PA450566,PA166134848,rs7311358
PA450566,PA166135654,rs4149056
PA450586,PA166134246,rs1799971
PA450588,PA166134718,rs1799971
PA450616,PA166134481,rs28399499
PA450616,PA166134533,rs776746
PA450616,PA166134540,rs9461684
PA450616,PA166135280,rs746647
PA450616,PA166136048,rs3099844
PA450616,PA166136159,rs28399499
PA450616,PA166136213,rs3786547
PA450616,PA166152717,rs1265112
PA450616,PA166152719,rs130072
PA450616,PA166152722,rs2073724
PA450616,PA166152723,rs2562519
PA450616,PA166152724,rs6545803
PA450616,PA166152963,rs28371706
PA450631,PA166135362,rs776746
PA450657,PA166134914,rs2500535
PA450657,PA166135145,rs3892097
PA450657,PA166135290,rs17060812
PA450688,PA166134198,rs4994
PA450688,PA166134200,rs518147
PA450688,PA166134281,rs1800497
PA450688,PA166134283,rs762551
PA450688,PA166134861,rs12720462
PA450688,PA166134862,rs2266780
PA450688,PA166134895,rs324420
PA450688,PA166135238,rs11960832
PA450688,PA166135266,rs10423928
PA450688,PA166135815,rs2472297
PA450688,PA166135816,rs4410790
PA450688,PA166135860,rs472660
PA450688,PA166135919,rs6265
PA450688,PA166136113,rs1800497
PA450688,PA166136425,rs489693
PA450688,PA166152858,rs1801282
PA450731,PA166134390,rs1902023
PA450761,PA166134134,rs12721627
PA450761,PA166134172,rs11572080
PA450761,PA166134349,rs1042522
PA450761,PA166134402,rs776746
PA450761,PA166135018,rs7921977
PA450761,PA166136382,rs1934951
PA450761,PA166136413,rs4646
PA450767,PA166134135,rs1934951
PA450801,PA166134692,rs762551
PA450801,PA166134750,rs6265
PA450801,PA166134781,rs6265
PA450801,PA166134783,rs1800532
PA450801,PA166135150,rs2472304
PA450801,PA166135171,rs3892097
PA450801,PA166135850,rs4680
PA450801,PA166136280,rs1160351
PA450877,PA166134112,rs12050217
PA450911,PA166135061,rs17183814
PA450921,PA166135422,rs9934438
PA450921,PA166136268,rs10871454
PA450921,PA166136269,rs4086116
PA450921,PA166136399,rs7294
PA450921,PA166152673,rs1051740
PA450947,PA166134302,rs1051740
PA450947,PA166134438,rs9332131
PA450947,PA166134578,rs1799853
PA450947,PA166134587,rs1128503
PA450947,PA166134606,rs1057910
PA450947,PA166135061,rs17183814
PA450947,PA166163682,rs4986893
PA451089,PA166134139,rs17238540
PA451089,PA166134141,rs4149015
PA451089,PA166134214,rs2306283
PA451089,PA166134620,rs4149056
PA451089,PA166134879,rs4986790
PA451089,PA166134898,rs4149056
PA451089,PA166134979,rs17238540
PA451089,PA166134984,rs1801133
PA451089,PA166134996,rs17655652
PA451089,PA166152790,rs1800588
PA451140,PA166136476,rs1805034
PA451141,PA166162743,rs2279343
PA451182,PA166152861,rs1041983
PA451182,PA166152862,rs1799930
PA451182,PA166152863,rs1799931
PA451201,PA166134895,rs324420
PA451201,PA166135752,rs776746
PA451201,PA166136425,rs489693
PA451201,PA166161178,rs5993883
PA451209,PA166159159,rs1805128
PA451234,PA166134143,rs4149056
PA451234,PA166134168,rs2306283
PA451234,PA166134233,rs5219
PA451234,PA166134455,rs10509681
PA451234,PA166134647,rs11572080
PA451234,PA166134764,rs114202595
PA451234,PA166135301,rs13266634
PA451234,PA166159203,rs10494366
PA451234,PA166159207,rs4402960
PA451234,PA166159208,rs1470579
PA451241,PA166160743,rs4273729
PA451250,PA166134621,rs4149056
PA451250,PA166152861,rs1041983
PA451250,PA166152862,rs1799930
PA451250,PA166152863,rs1799931
PA451250,PA166158880,rs11045819
PA451250,PA166158881,rs2306283
PA451257,PA166134217,rs1800497
PA451257,PA166134281,rs1800497
PA451257,PA166134379,rs1128503
PA451257,PA166134395,rs167771
PA451257,PA166134895,rs324420
PA451257,PA166136425,rs489693
PA451257,PA166152807,rs1800497
PA451260,PA166134145,rs429358
PA451260,PA166153034,rs717620
PA451262,PA166153430,rs1803274
PA451283,PA166134144,rs10509681
PA451283,PA166135680,rs6467136
PA451283,PA166161004,rs4149056
PA451333,PA166135076,rs13432159
PA451333,PA166135171,rs3892097
PA451341,PA166135458,rs118192172
PA451341,PA166135459,rs118192161
PA451341,PA166135463,rs118192167
PA451341,PA166135464,rs118192170
PA451341,PA166135465,rs118192175
PA451341,PA166135466,rs118192176
PA451341,PA166135468,rs121918593
PA451341,PA166135469,rs28933397
PA451341,PA166135470,rs121918595
PA451341,PA166135471,rs121918594
PA451341,PA166135875,rs118192124
PA451341,PA166135879,rs193922747
PA451341,PA166135881,rs63749869
PA451341,PA166135970,rs111888148
PA451341,PA166135975,rs193922807
PA451341,PA166136351,rs193922876
PA451341,PA166136353,rs193922803
PA451341,PA166136354,rs118192122
PA451341,PA166136356,rs193922802
PA451341,PA166136357,rs193922816
PA451341,PA166136362,rs112563513
PA451341,PA166136365,rs1800559
PA451341,PA166136486,rs118192116
PA451363,PA166134118,rs4149056
PA451363,PA166134139,rs17238540
PA451363,PA166134939,rs2231142
PA451363,PA166134960,rs776746
PA451363,PA166134980,rs17238540
PA451363,PA166134991,rs662799
PA451363,PA166135242,rs4823613
PA451363,PA166135276,rs1719247
PA451363,PA166135642,rs4363657
PA451363,PA166135806,rs4149081
PA451363,PA166152789,rs1800588
PA451363,PA166152797,rs1128503
PA451363,PA166152798,rs1128503
PA451363,PA166153193,rs2819742
PA451365,PA166134535,rs776746
PA451365,PA166135080,rs1128503
PA451365,PA166136252,rs7903146
PA451457,PA166159159,rs1805128
PA451483,PA166134410,rs4343
PA451483,PA166135756,rs1799983
PA451483,PA166152688,rs1801253
PA451494,PA166159044,rs1799964
PA451522,PA166134027,rs1799807
PA451522,PA166135458,rs118192172
PA451522,PA166135459,rs118192161
PA451522,PA166135463,rs118192167
PA451522,PA166135464,rs118192170
PA451522,PA166135465,rs118192175
PA451522,PA166135466,rs118192176
PA451522,PA166135468,rs121918593
PA451522,PA166135469,rs28933397
PA451522,PA166135470,rs121918595
PA451522,PA166135471,rs121918594
PA451522,PA166135530,rs1803274
PA451522,PA166135875,rs118192124
PA451522,PA166135879,rs193922747
PA451522,PA166135881,rs63749869
PA451522,PA166135970,rs111888148
PA451522,PA166135975,rs193922807
PA451522,PA166136351,rs193922876
PA451522,PA166136353,rs193922803
PA451522,PA166136354,rs118192122
PA451522,PA166136356,rs193922802
PA451522,PA166136357,rs193922816
PA451522,PA166136362,rs112563513
PA451522,PA166136365,rs1800559
PA451547,PA166135937,rs2231142
PA451547,PA166136240,rs2231142
PA451565,PA166163526,rs2266782
PA451565,PA166163527,rs2266780
PA451566,PA166135604,rs1799971
PA451566,PA166135606,rs6265
PA451566,PA166135609,rs4680
PA451578,PA166134529,rs776746
PA451578,PA166134530,rs776746
PA451578,PA166134531,rs776746
PA451578,PA166134532,rs776746
PA451578,PA166134769,rs776746
PA451578,PA166135122,rs2066844
PA451578,PA166135337,rs10264272
PA451578,PA166135338,rs41303343
PA451578,PA166135368,rs28371759
PA451578,PA166135601,rs776746
PA451578,PA166135632,rs776746
PA451578,PA166135633,rs776746
PA451578,PA166135703,rs1128503
PA451578,PA166136050,rs4823613
PA451578,PA166136083,rs776746
PA451578,PA166136085,rs776746
PA451578,PA166136086,rs776746
PA451578,PA166136087,rs776746
PA451578,PA166136088,rs776746
PA451578,PA166136241,rs1800871
PA451578,PA166136252,rs7903146
PA451578,PA166136256,rs1800871
PA451578,PA166152786,rs4986910
PA451578,PA166158991,rs9282564
PA451578,PA166162610,rs1128503
PA451581,PA166134150,rs3892097
PA451581,PA166136107,rs310786
PA451581,PA166136108,rs478437
PA451581,PA166136413,rs4646
PA451581,PA166152694,rs3740065
PA451581,PA166158997,rs1804645
PA451581,PA166158998,rs10509373
PA451666,PA166135403,rs1080985
PA451668,PA166134238,rs1138272
PA451690,PA166135750,rs16947
PA451728,PA166136156,rs2832407
PA451735,PA166134718,rs1799971
PA451735,PA166135162,rs12208357
PA451735,PA166135163,rs34130495
PA451791,PA166135145,rs3892097
PA451799,PA166134151,rs10811661
PA451866,PA166134152,rs5030655
PA451866,PA166134153,rs3892097
PA451866,PA166134657,rs3810651
PA451866,PA166134850,rs4680
PA451868,PA166134183,rs10494366
PA451879,PA166135783,rs924607
PA451881,PA166135018,rs7921977
PA451906,PA166134055,rs1799853
PA451906,PA166134057,rs28371685
PA451906,PA166134058,rs28371686
PA451906,PA166134060,rs9332131
PA451906,PA166134154,rs1057910
PA451906,PA166134156,rs7294
PA451906,PA166134157,rs17708472
PA451906,PA166134209,rs10871454
PA451906,PA166134210,rs2359612
PA451906,PA166134211,rs8050894
PA451906,PA166134267,rs9934438
PA451906,PA166134268,rs2108622
PA451906,PA166134655,rs12777823
PA451906,PA166134727,rs2884737
PA451906,PA166134867,rs10509680
PA451906,PA166134868,rs11150606
PA451906,PA166134870,rs1800566
PA451906,PA166135419,rs61742245
PA451906,PA166135993,rs1800566
PA451906,PA166136484,rs9934438
PA451906,PA166160031,rs2288344
PA451906,PA166160464,rs2108622
PA451906,PA166160874,rs2304429
PA451906,PA166161473,rs887829
PA451954,PA166134915,rs28365062
PA451974,PA166136425,rs489693
PA451999,PA166158937,rs4796793
PA452619,PA166134718,rs1799971
PA452619,PA166135402,rs6265
PA452619,PA166159161,rs671
PA452620,PA166134421,rs3918290
PA452620,PA166134489,rs1801159
PA452620,PA166134523,rs67376798
PA452632,PA166134155,rs4086116
PA452632,PA166134413,rs1057910
PA452632,PA166135117,rs1799853
PA452632,PA166135422,rs9934438
PA452632,PA166136095,rs61742245
PA452632,PA166136399,rs7294
PA452639,PA166134163,rs1800629
PA452639,PA166134682,rs3794271
PA452639,PA166135222,rs1801274
PA452639,PA166135759,rs3761847
PA452639,PA166136221,rs1801274
PA452639,PA166151930,rs1264457
PA452640,PA166135064,rs1799998
PA452640,PA166136158,rs5051
